ro_id,open_date,close_date,vehicle_year,vehicle_make,vehicle_model,engine_type,mileage_range,complaint_text,technician_notes,diagnostic_summary,repair_actions,labor_hours,labor_rate,labor_cost,parts_cost,total_cost,warranty_flag,comebacks_flag,repair_category,advisor_notes,internal_comments
RO-0001,2024-01-02,2024-01-04,<MODEL_YEAR>,<VEHICLE_MODEL>,<VEHICLE_MODEL>,<ENGINE_TYPE>,<MILEAGE_RANGE>,"intermittent no-start when hot, single click from starter","Complaint: intermittent no-start when hot, single click from starter on <MODEL_YEAR> <VEHICLE_MODEL> with <ENGINE_TYPE>. Condition: observed within <MILEAGE_RANGE>. Diagnosis: checked crank signal and starter feed; findings indicate intermittent hot no-start; single click. Repair: replaced starter assembly. Outcome: no-start not reproduced.",checked crank signal and starter feed,replaced starter assembly,2.3,275.00,632.50,480.00,1112.50,false,false,electrical,Customer requested confirmation of repair outcome; no additional concerns.,Verified repair on road test; no further action.
RO-0002,2024-01-03,2024-01-05,<MODEL_YEAR>,<VEHICLE_MODEL>,<VEHICLE_MODEL>,<ENGINE_TYPE>,<MILEAGE_RANGE>,"intermittent no-start when hot, single click from starter","Complaint: intermittent no-start when hot, single click from starter on <MODEL_YEAR> <VEHICLE_MODEL> with <ENGINE_TYPE>. Condition: observed within <MILEAGE_RANGE>. Diagnosis: starter current draw test; findings indicate intermittent hot no-start; single click. Repair: replaced starter solenoid. Outcome: hot restart verified.",starter current draw test,replaced starter solenoid,3.7,275.00,1017.50,755.00,1772.50,false,true,electrical,Customer requested confirmation of repair outcome; no additional concerns.,Verified repair on road test; no further action.
RO-0003,2024-01-04,2024-01-10,<MODEL_YEAR>,<VEHICLE_MODEL>,<VEHICLE_MODEL>,<ENGINE_TYPE>,<MILEAGE_RANGE>,"intermittent no-start when hot, single click from starter","Complaint: intermittent no-start when hot, single click from starter on <MODEL_YEAR> <VEHICLE_MODEL> with <ENGINE_TYPE>. Condition: observed within <MILEAGE_RANGE>. Diagnosis: starter current draw test; findings indicate intermittent hot no-start; single click. Repair: replaced starter solenoid. Outcome: hot restart verified.",starter current draw test,replaced starter solenoid,3.4,275.00,935.00,472.00,1407.00,false,false,electrical,Customer requested confirmation of repair outcome; no additional concerns.,Verified repair on road test; no further action.
RO-0004,2024-01-05,2024-01-07,<MODEL_YEAR>,<VEHICLE_MODEL>,<VEHICLE_MODEL>,<ENGINE_TYPE>,<MILEAGE_RANGE>,"no-start after heat soak, clicks once","Complaint: no-start after heat soak, clicks once on <MODEL_YEAR> <VEHICLE_MODEL> with <ENGINE_TYPE>. Condition: observed within <MILEAGE_RANGE>. Diagnosis: voltage drop test at starter circuit; findings indicate intermittent hot no-start; single click. Repair: replaced starter solenoid. Outcome: starts consistently when hot.",voltage drop test at starter circuit,replaced starter solenoid,3.9,275.00,1072.50,665.00,1737.50,false,false,electrical,Customer requested confirmation of repair outcome; no additional concerns.,Verified repair on road test; no further action.
RO-0005,2024-01-06,2024-01-11,<MODEL_YEAR>,<VEHICLE_MODEL>,<VEHICLE_MODEL>,<ENGINE_TYPE>,<MILEAGE_RANGE>,"intermittent no-start when hot, single click from starter","Complaint: intermittent no-start when hot, single click from starter on <MODEL_YEAR> <VEHICLE_MODEL> with <ENGINE_TYPE>. Condition: observed within <MILEAGE_RANGE>. Diagnosis: starter current draw test; findings indicate intermittent hot no-start; single click. Repair: replaced starter and added heat shield. Outcome: starts consistently when hot.",starter current draw test,replaced starter and added heat shield,3.8,275.00,1045.00,777.00,1822.00,false,false,electrical,Customer requested confirmation of repair outcome; no additional concerns.,Verified repair on road test; no further action.
RO-0006,2024-01-07,2024-01-12,<MODEL_YEAR>,<VEHICLE_MODEL>,<VEHICLE_MODEL>,<ENGINE_TYPE>,<MILEAGE_RANGE>,"hot restart no crank, single click","Complaint: hot restart no crank, single click on <MODEL_YEAR> <VEHICLE_MODEL> with <ENGINE_TYPE>. Condition: observed within <MILEAGE_RANGE>. Diagnosis: starter current draw test; findings indicate intermittent hot no-start; single click. Repair: replaced starter and added heat shield. Outcome: no-start not reproduced.",starter current draw test,replaced starter and added heat shield,4.0,275.00,1100.00,279.00,1379.00,false,false,electrical,Customer requested confirmation of repair outcome; no additional concerns.,Verified repair on road test; no further action.
RO-0007,2024-01-08,2024-01-12,<MODEL_YEAR>,<VEHICLE_MODEL>,<VEHICLE_MODEL>,<ENGINE_TYPE>,<MILEAGE_RANGE>,"intermittent no-start when hot, single click from starter","Complaint: intermittent no-start when hot, single click from starter on <MODEL_YEAR> <VEHICLE_MODEL> with <ENGINE_TYPE>. Condition: observed within <MILEAGE_RANGE>. Diagnosis: inspected battery cables and terminals; findings indicate hot no-start; clicks once. Repair: cleaned and tightened battery cable connections. Outcome: no-start resolved.",inspected battery cables and terminals,cleaned and tightened battery cable connections,1.5,275.00,412.50,28.00,440.50,false,false,electrical,Customer requested confirmation of repair outcome; no additional concerns.,Verified repair on road test; no further action.
RO-0008,2024-01-09,2024-01-12,<MODEL_YEAR>,<VEHICLE_MODEL>,<VEHICLE_MODEL>,<ENGINE_TYPE>,<MILEAGE_RANGE>,"intermittent no-start when hot, single click from starter","Complaint: intermittent no-start when hot, single click from starter on <MODEL_YEAR> <VEHICLE_MODEL> with <ENGINE_TYPE>. Condition: observed within <MILEAGE_RANGE>. Diagnosis: load tested battery and connections; findings indicate hot no-start; clicks once. Repair: repaired ground cable connection. Outcome: crank normal when hot.",load tested battery and connections,repaired ground cable connection,1.0,275.00,275.00,86.00,361.00,true,false,electrical,Customer requested confirmation of repair outcome; no additional concerns.,Verified repair on road test; no further action.
RO-0009,2024-01-10,2024-01-11,<MODEL_YEAR>,<VEHICLE_MODEL>,<VEHICLE_MODEL>,<ENGINE_TYPE>,<MILEAGE_RANGE>,"intermittent no-start when hot, single click from starter","Complaint: intermittent no-start when hot, single click from starter on <MODEL_YEAR> <VEHICLE_MODEL> with <ENGINE_TYPE>. Condition: observed within <MILEAGE_RANGE>. Diagnosis: inspected battery cables and terminals; findings indicate hot no-start; clicks once. Repair: replaced positive cable terminal. Outcome: crank normal when hot.",inspected battery cables and terminals,replaced positive cable terminal,1.0,275.00,275.00,61.00,336.00,false,false,electrical,Customer requested confirmation of repair outcome; no additional concerns.,Verified repair on road test; no further action.
RO-0010,2024-01-11,2024-01-12,<MODEL_YEAR>,<VEHICLE_MODEL>,<VEHICLE_MODEL>,<ENGINE_TYPE>,<MILEAGE_RANGE>,"no-start after heat soak, clicks once","Complaint: no-start after heat soak, clicks once on <MODEL_YEAR> <VEHICLE_MODEL> with <ENGINE_TYPE>. Condition: observed within <MILEAGE_RANGE>. Diagnosis: load tested battery and connections; findings indicate hot no-start; clicks once. Repair: cleaned and tightened battery cable connections. Outcome: hot restarts restored.",load tested battery and connections,cleaned and tightened battery cable connections,1.3,275.00,357.50,114.00,471.50,false,false,electrical,Customer requested confirmation of repair outcome; no additional concerns.,Verified repair on road test; no further action.
RO-0011,2024-01-12,2024-01-16,<MODEL_YEAR>,<VEHICLE_MODEL>,<VEHICLE_MODEL>,<ENGINE_TYPE>,<MILEAGE_RANGE>,"hot restart no crank, single click","Complaint: hot restart no crank, single click on <MODEL_YEAR> <VEHICLE_MODEL> with <ENGINE_TYPE>. Condition: observed within <MILEAGE_RANGE>. Diagnosis: inspected battery cables and terminals; findings indicate hot no-start; clicks once. Repair: replaced positive cable terminal. Outcome: hot restarts restored.",inspected battery cables and terminals,replaced positive cable terminal,1.5,275.00,412.50,75.00,487.50,true,false,electrical,Customer requested confirmation of repair outcome; no additional concerns.,Verified repair on road test; no further action.
RO-0012,2024-01-13,2024-01-18,<MODEL_YEAR>,<VEHICLE_MODEL>,<VEHICLE_MODEL>,<ENGINE_TYPE>,<MILEAGE_RANGE>,"no-start after heat soak, clicks once","Complaint: no-start after heat soak, clicks once on <MODEL_YEAR> <VEHICLE_MODEL> with <ENGINE_TYPE>. Condition: observed within <MILEAGE_RANGE>. Diagnosis: checked cable resistance at crank; findings indicate hot no-start; clicks once. Repair: cleaned and tightened battery cable connections. Outcome: no-start resolved.",checked cable resistance at crank,cleaned and tightened battery cable connections,0.9,275.00,247.50,65.00,312.50,false,false,electrical,Customer requested confirmation of repair outcome; no additional concerns.,Verified repair on road test; no further action.
RO-0013,2024-01-14,2024-01-20,<MODEL_YEAR>,<VEHICLE_MODEL>,<VEHICLE_MODEL>,<ENGINE_TYPE>,<MILEAGE_RANGE>,soft pedal after repeated braking,Complaint: soft pedal after repeated braking on <MODEL_YEAR> <VEHICLE_MODEL> with <ENGINE_TYPE>. Condition: observed within <MILEAGE_RANGE>. Diagnosis: pressure bleed and inspected for air; findings indicate brake pedal soft after multiple stops. Repair: bled system and verified pedal. Outcome: pedal feel stable.,pressure bleed and inspected for air,bled system and verified pedal,3.2,275.00,880.00,369.00,1249.00,false,false,brakes,Customer requested confirmation of repair outcome; no additional concerns.,Verified repair on road test; no further action.
RO-0014,2024-01-15,2024-01-16,<MODEL_YEAR>,<VEHICLE_MODEL>,<VEHICLE_MODEL>,<ENGINE_TYPE>,<MILEAGE_RANGE>,pedal fades after multiple stops,Complaint: pedal fades after multiple stops on <MODEL_YEAR> <VEHICLE_MODEL> with <ENGINE_TYPE>. Condition: observed within <MILEAGE_RANGE>. Diagnosis: inspected fluid condition and bleed; findings indicate brake pedal soft after multiple stops. Repair: performed full brake bleed. Outcome: brake pedal restored.,inspected fluid condition and bleed,performed full brake bleed,4.0,275.00,1100.00,218.00,1318.00,false,false,brakes,Customer requested confirmation of repair outcome; no additional concerns.,Verified repair on road test; no further action.
RO-0015,2024-01-16,2024-01-23,<MODEL_YEAR>,<VEHICLE_MODEL>,<VEHICLE_MODEL>,<ENGINE_TYPE>,<MILEAGE_RANGE>,soft pedal after repeated braking,Complaint: soft pedal after repeated braking on <MODEL_YEAR> <VEHICLE_MODEL> with <ENGINE_TYPE>. Condition: observed within <MILEAGE_RANGE>. Diagnosis: checked for air in lines; findings indicate brake pedal soft after multiple stops. Repair: pressure bled brake system. Outcome: pedal firm across repeated stops.,checked for air in lines,pressure bled brake system,2.6,275.00,715.00,496.00,1211.00,false,true,brakes,Customer requested confirmation of repair outcome; no additional concerns.,Verified repair on road test; no further action.
RO-0016,2024-01-17,2024-01-18,<MODEL_YEAR>,<VEHICLE_MODEL>,<VEHICLE_MODEL>,<ENGINE_TYPE>,<MILEAGE_RANGE>,pedal fades after multiple stops,Complaint: pedal fades after multiple stops on <MODEL_YEAR> <VEHICLE_MODEL> with <ENGINE_TYPE>. Condition: observed within <MILEAGE_RANGE>. Diagnosis: inspected fluid condition and bleed; findings indicate brake pedal soft after multiple stops. Repair: pressure bled brake system. Outcome: brake pedal restored.,inspected fluid condition and bleed,pressure bled brake system,2.8,275.00,770.00,750.00,1520.00,false,false,brakes,Customer requested confirmation of repair outcome; no additional concerns.,Verified repair on road test; no further action.
RO-0017,2024-01-18,2024-01-21,<MODEL_YEAR>,<VEHICLE_MODEL>,<VEHICLE_MODEL>,<ENGINE_TYPE>,<MILEAGE_RANGE>,brake pedal goes soft after a few stops,Complaint: brake pedal goes soft after a few stops on <MODEL_YEAR> <VEHICLE_MODEL> with <ENGINE_TYPE>. Condition: observed within <MILEAGE_RANGE>. Diagnosis: checked for air in lines; findings indicate brake pedal soft after multiple stops. Repair: pressure bled brake system. Outcome: pedal feel stable.,checked for air in lines,pressure bled brake system,3.3,275.00,907.50,849.00,1756.50,false,false,brakes,Customer requested confirmation of repair outcome; no additional concerns.,Verified repair on road test; no further action.
RO-0018,2024-01-19,2024-01-23,<MODEL_YEAR>,<VEHICLE_MODEL>,<VEHICLE_MODEL>,<ENGINE_TYPE>,<MILEAGE_RANGE>,brake pedal goes soft after a few stops,Complaint: brake pedal goes soft after a few stops on <MODEL_YEAR> <VEHICLE_MODEL> with <ENGINE_TYPE>. Condition: observed within <MILEAGE_RANGE>. Diagnosis: inspected fluid condition and bleed; findings indicate brake pedal soft after multiple stops. Repair: performed full brake bleed. Outcome: pedal firm across repeated stops.,inspected fluid condition and bleed,performed full brake bleed,3.2,275.00,880.00,782.00,1662.00,false,false,brakes,Customer requested confirmation of repair outcome; no additional concerns.,Verified repair on road test; no further action.
RO-0019,2024-01-20,2024-01-23,<MODEL_YEAR>,<VEHICLE_MODEL>,<VEHICLE_MODEL>,<ENGINE_TYPE>,<MILEAGE_RANGE>,pedal fades after multiple stops,Complaint: pedal fades after multiple stops on <MODEL_YEAR> <VEHICLE_MODEL> with <ENGINE_TYPE>. Condition: observed within <MILEAGE_RANGE>. Diagnosis: tested master cylinder bypass; findings indicate soft pedal returns after stops. Repair: installed master cylinder and pressure bled. Outcome: brake feel normal.,tested master cylinder bypass,installed master cylinder and pressure bled,3.6,275.00,990.00,452.00,1442.00,false,false,brakes,Customer requested confirmation of repair outcome; no additional concerns.,Verified repair on road test; no further action.
RO-0020,2024-01-21,2024-01-27,<MODEL_YEAR>,<VEHICLE_MODEL>,<VEHICLE_MODEL>,<ENGINE_TYPE>,<MILEAGE_RANGE>,brake pedal goes soft after a few stops,Complaint: brake pedal goes soft after a few stops on <MODEL_YEAR> <VEHICLE_MODEL> with <ENGINE_TYPE>. Condition: observed within <MILEAGE_RANGE>. Diagnosis: tested master cylinder bypass; findings indicate soft pedal returns after stops. Repair: installed master cylinder and pressure bled. Outcome: pedal feel stable.,tested master cylinder bypass,installed master cylinder and pressure bled,3.3,275.00,907.50,617.00,1524.50,false,false,brakes,Customer requested confirmation of repair outcome; no additional concerns.,Verified repair on road test; no further action.
RO-0021,2024-01-22,2024-01-29,<MODEL_YEAR>,<VEHICLE_MODEL>,<VEHICLE_MODEL>,<ENGINE_TYPE>,<MILEAGE_RANGE>,brake pedal goes soft after a few stops,Complaint: brake pedal goes soft after a few stops on <MODEL_YEAR> <VEHICLE_MODEL> with <ENGINE_TYPE>. Condition: observed within <MILEAGE_RANGE>. Diagnosis: isolated master cylinder pressure drop; findings indicate soft pedal returns after stops. Repair: replaced master cylinder. Outcome: brake feel normal.,isolated master cylinder pressure drop,replaced master cylinder,2.3,275.00,632.50,556.00,1188.50,false,false,brakes,Customer requested confirmation of repair outcome; no additional concerns.,Verified repair on road test; no further action.
RO-0022,2024-01-23,2024-01-28,<MODEL_YEAR>,<VEHICLE_MODEL>,<VEHICLE_MODEL>,<ENGINE_TYPE>,<MILEAGE_RANGE>,soft pedal after repeated braking,Complaint: soft pedal after repeated braking on <MODEL_YEAR> <VEHICLE_MODEL> with <ENGINE_TYPE>. Condition: observed within <MILEAGE_RANGE>. Diagnosis: isolated master cylinder pressure drop; findings indicate soft pedal returns after stops. Repair: replaced master cylinder. Outcome: pedal firm after repair.,isolated master cylinder pressure drop,replaced master cylinder,3.1,275.00,852.50,592.00,1444.50,false,false,brakes,Customer requested confirmation of repair outcome; no additional concerns.,Verified repair on road test; no further action.
RO-0023,2024-01-24,2024-01-26,<MODEL_YEAR>,<VEHICLE_MODEL>,<VEHICLE_MODEL>,<ENGINE_TYPE>,<MILEAGE_RANGE>,pedal fades after multiple stops,Complaint: pedal fades after multiple stops on <MODEL_YEAR> <VEHICLE_MODEL> with <ENGINE_TYPE>. Condition: observed within <MILEAGE_RANGE>. Diagnosis: checked for internal master leak; findings indicate soft pedal returns after stops. Repair: installed master cylinder and pressure bled. Outcome: brake feel normal.,checked for internal master leak,installed master cylinder and pressure bled,3.0,275.00,825.00,556.00,1381.00,false,true,brakes,Customer requested confirmation of repair outcome; no additional concerns.,Verified repair on road test; no further action.
RO-0024,2024-01-25,2024-02-01,<MODEL_YEAR>,<VEHICLE_MODEL>,<VEHICLE_MODEL>,<ENGINE_TYPE>,<MILEAGE_RANGE>,soft pedal after repeated braking,Complaint: soft pedal after repeated braking on <MODEL_YEAR> <VEHICLE_MODEL> with <ENGINE_TYPE>. Condition: observed within <MILEAGE_RANGE>. Diagnosis: checked for internal master leak; findings indicate soft pedal returns after stops. Repair: replaced master cylinder. Outcome: pedal firm after repair.,checked for internal master leak,replaced master cylinder,2.7,275.00,742.50,281.00,1023.50,true,false,brakes,Customer requested confirmation of repair outcome; no additional concerns.,Verified repair on road test; no further action.
RO-0025,2024-01-26,2024-02-01,<MODEL_YEAR>,<VEHICLE_MODEL>,<VEHICLE_MODEL>,<ENGINE_TYPE>,<MILEAGE_RANGE>,heater weak at idle,Complaint: heater weak at idle on <MODEL_YEAR> <VEHICLE_MODEL> with <ENGINE_TYPE>. Condition: observed within <MILEAGE_RANGE>. Diagnosis: checked coolant level and flow; findings indicate weak heat at idle; improves with rpm. Repair: filled coolant and verified flow. Outcome: heat output normal at idle.,checked coolant level and flow,filled coolant and verified flow,1.1,275.00,302.50,110.00,412.50,false,false,cooling,Customer requested confirmation of repair outcome; no additional concerns.,Verified repair on road test; no further action.
RO-0026,2024-01-27,2024-01-30,<MODEL_YEAR>,<VEHICLE_MODEL>,<VEHICLE_MODEL>,<ENGINE_TYPE>,<MILEAGE_RANGE>,heater weak at idle,Complaint: heater weak at idle on <MODEL_YEAR> <VEHICLE_MODEL> with <ENGINE_TYPE>. Condition: observed within <MILEAGE_RANGE>. Diagnosis: pressure tested cooling system; findings indicate weak heat at idle; improves with rpm. Repair: topped off coolant and bled air. Outcome: heat restored at idle.,pressure tested cooling system,topped off coolant and bled air,1.1,275.00,302.50,112.00,414.50,false,false,cooling,Customer requested confirmation of repair outcome; no additional concerns.,Verified repair on road test; no further action.
RO-0027,2024-01-28,2024-01-31,<MODEL_YEAR>,<VEHICLE_MODEL>,<VEHICLE_MODEL>,<ENGINE_TYPE>,<MILEAGE_RANGE>,cabin heat weak at idle but improves with rpm,Complaint: cabin heat weak at idle but improves with rpm on <MODEL_YEAR> <VEHICLE_MODEL> with <ENGINE_TYPE>. Condition: observed within <MILEAGE_RANGE>. Diagnosis: checked coolant level and flow; findings indicate weak heat at idle; improves with rpm. Repair: topped off coolant and bled air. Outcome: cabin heat consistent.,checked coolant level and flow,topped off coolant and bled air,0.7,275.00,192.50,50.00,242.50,false,false,cooling,Customer requested confirmation of repair outcome; no additional concerns.,Verified repair on road test; no further action.
RO-0028,2024-01-29,2024-02-02,<MODEL_YEAR>,<VEHICLE_MODEL>,<VEHICLE_MODEL>,<ENGINE_TYPE>,<MILEAGE_RANGE>,cabin heat weak at idle but improves with rpm,Complaint: cabin heat weak at idle but improves with rpm on <MODEL_YEAR> <VEHICLE_MODEL> with <ENGINE_TYPE>. Condition: observed within <MILEAGE_RANGE>. Diagnosis: inspected cooling system level; findings indicate weak heat at idle; improves with rpm. Repair: corrected coolant level and bled system. Outcome: cabin heat consistent.,inspected cooling system level,corrected coolant level and bled system,1.5,275.00,412.50,99.00,511.50,false,false,cooling,Customer requested confirmation of repair outcome; no additional concerns.,Verified repair on road test; no further action.
RO-0029,2024-01-30,2024-01-31,<MODEL_YEAR>,<VEHICLE_MODEL>,<VEHICLE_MODEL>,<ENGINE_TYPE>,<MILEAGE_RANGE>,"heat output low at idle, better with rpm","Complaint: heat output low at idle, better with rpm on <MODEL_YEAR> <VEHICLE_MODEL> with <ENGINE_TYPE>. Condition: observed within <MILEAGE_RANGE>. Diagnosis: pressure tested cooling system; findings indicate weak heat at idle; improves with rpm. Repair: corrected coolant level and bled system. Outcome: heat restored at idle.",pressure tested cooling system,corrected coolant level and bled system,0.5,275.00,137.50,88.00,225.50,false,false,cooling,Customer requested confirmation of repair outcome; no additional concerns.,Verified repair on road test; no further action.
RO-0030,2024-01-31,2024-02-04,<MODEL_YEAR>,<VEHICLE_MODEL>,<VEHICLE_MODEL>,<ENGINE_TYPE>,<MILEAGE_RANGE>,heater weak at idle,Complaint: heater weak at idle on <MODEL_YEAR> <VEHICLE_MODEL> with <ENGINE_TYPE>. Condition: observed within <MILEAGE_RANGE>. Diagnosis: pressure tested cooling system; findings indicate weak heat at idle; improves with rpm. Repair: topped off coolant and bled air. Outcome: cabin heat consistent.,pressure tested cooling system,topped off coolant and bled air,1.1,275.00,302.50,134.00,436.50,false,true,cooling,Customer requested confirmation of repair outcome; no additional concerns.,Verified repair on road test; no further action.
RO-0031,2024-02-01,2024-02-05,<MODEL_YEAR>,<VEHICLE_MODEL>,<VEHICLE_MODEL>,<ENGINE_TYPE>,<MILEAGE_RANGE>,heater weak at idle,Complaint: heater weak at idle on <MODEL_YEAR> <VEHICLE_MODEL> with <ENGINE_TYPE>. Condition: observed within <MILEAGE_RANGE>. Diagnosis: verified restricted heater flow; findings indicate weak heat at idle; flow restricted. Repair: backflushed heater core. Outcome: heat restored at idle.,verified restricted heater flow,backflushed heater core,4.0,275.00,1100.00,846.00,1946.00,false,false,cooling,Customer requested confirmation of repair outcome; no additional concerns.,Verified repair on road test; no further action.
RO-0032,2024-02-02,2024-02-06,<MODEL_YEAR>,<VEHICLE_MODEL>,<VEHICLE_MODEL>,<ENGINE_TYPE>,<MILEAGE_RANGE>,cabin heat weak at idle but improves with rpm,Complaint: cabin heat weak at idle but improves with rpm on <MODEL_YEAR> <VEHICLE_MODEL> with <ENGINE_TYPE>. Condition: observed within <MILEAGE_RANGE>. Diagnosis: checked heater core flow; findings indicate weak heat at idle; flow restricted. Repair: flushed heater core and restored flow. Outcome: cabin heat consistent.,checked heater core flow,flushed heater core and restored flow,2.0,275.00,550.00,705.00,1255.00,false,false,cooling,Customer requested confirmation of repair outcome; no additional concerns.,Verified repair on road test; no further action.
RO-0033,2024-02-03,2024-02-06,<MODEL_YEAR>,<VEHICLE_MODEL>,<VEHICLE_MODEL>,<ENGINE_TYPE>,<MILEAGE_RANGE>,heater weak at idle,Complaint: heater weak at idle on <MODEL_YEAR> <VEHICLE_MODEL> with <ENGINE_TYPE>. Condition: observed within <MILEAGE_RANGE>. Diagnosis: measured heater core inlet/outlet temps; findings indicate weak heat at idle; flow restricted. Repair: backflushed heater core. Outcome: heater output normal.,measured heater core inlet/outlet temps,backflushed heater core,2.1,275.00,577.50,304.00,881.50,false,false,cooling,Customer requested confirmation of repair outcome; no additional concerns.,Verified repair on road test; no further action.
RO-0034,2024-02-04,2024-02-10,<MODEL_YEAR>,<VEHICLE_MODEL>,<VEHICLE_MODEL>,<ENGINE_TYPE>,<MILEAGE_RANGE>,cabin heat weak at idle but improves with rpm,Complaint: cabin heat weak at idle but improves with rpm on <MODEL_YEAR> <VEHICLE_MODEL> with <ENGINE_TYPE>. Condition: observed within <MILEAGE_RANGE>. Diagnosis: checked heater core flow; findings indicate weak heat at idle; flow restricted. Repair: flushed heater core and restored flow. Outcome: cabin heat consistent.,checked heater core flow,flushed heater core and restored flow,2.2,275.00,605.00,472.00,1077.00,true,true,cooling,Customer requested confirmation of repair outcome; no additional concerns.,Verified repair on road test; no further action.
RO-0035,2024-02-05,2024-02-06,<MODEL_YEAR>,<VEHICLE_MODEL>,<VEHICLE_MODEL>,<ENGINE_TYPE>,<MILEAGE_RANGE>,cabin heat weak at idle but improves with rpm,Complaint: cabin heat weak at idle but improves with rpm on <MODEL_YEAR> <VEHICLE_MODEL> with <ENGINE_TYPE>. Condition: observed within <MILEAGE_RANGE>. Diagnosis: measured heater core inlet/outlet temps; findings indicate weak heat at idle; flow restricted. Repair: flushed heater core and restored flow. Outcome: heat restored at idle.,measured heater core inlet/outlet temps,flushed heater core and restored flow,3.0,275.00,825.00,255.00,1080.00,true,false,cooling,Customer requested confirmation of repair outcome; no additional concerns.,Verified repair on road test; no further action.
RO-0036,2024-02-06,2024-02-08,<MODEL_YEAR>,<VEHICLE_MODEL>,<VEHICLE_MODEL>,<ENGINE_TYPE>,<MILEAGE_RANGE>,heater weak at idle,Complaint: heater weak at idle on <MODEL_YEAR> <VEHICLE_MODEL> with <ENGINE_TYPE>. Condition: observed within <MILEAGE_RANGE>. Diagnosis: checked heater core flow; findings indicate weak heat at idle; flow restricted. Repair: flushed heater core and restored flow. Outcome: heat restored at idle.,checked heater core flow,flushed heater core and restored flow,3.4,275.00,935.00,722.00,1657.00,false,false,cooling,Customer requested confirmation of repair outcome; no additional concerns.,Verified repair on road test; no further action.
RO-0037,2024-02-07,2024-02-13,<MODEL_YEAR>,<VEHICLE_MODEL>,<VEHICLE_MODEL>,<ENGINE_TYPE>,<MILEAGE_RANGE>,"charge light on, low output","Complaint: charge light on, low output on <MODEL_YEAR> <VEHICLE_MODEL> with <ENGINE_TYPE>. Condition: observed within <MILEAGE_RANGE>. Diagnosis: loaded alternator output test; findings indicate battery light on; low charging voltage. Repair: replaced alternator assembly. Outcome: charging voltage within spec.",loaded alternator output test,replaced alternator assembly,2.9,275.00,797.50,685.00,1482.50,true,false,electrical,Customer requested confirmation of repair outcome; no additional concerns.,Verified repair on road test; no further action.
RO-0038,2024-02-08,2024-02-12,<MODEL_YEAR>,<VEHICLE_MODEL>,<VEHICLE_MODEL>,<ENGINE_TYPE>,<MILEAGE_RANGE>,"charge light on, low output","Complaint: charge light on, low output on <MODEL_YEAR> <VEHICLE_MODEL> with <ENGINE_TYPE>. Condition: observed within <MILEAGE_RANGE>. Diagnosis: checked alternator output under load; findings indicate battery light on; low charging voltage. Repair: installed new alternator. Outcome: charging voltage within spec.",checked alternator output under load,installed new alternator,4.0,275.00,1100.00,609.00,1709.00,false,false,electrical,Customer requested confirmation of repair outcome; no additional concerns.,Verified repair on road test; no further action.
RO-0039,2024-02-09,2024-02-15,<MODEL_YEAR>,<VEHICLE_MODEL>,<VEHICLE_MODEL>,<ENGINE_TYPE>,<MILEAGE_RANGE>,"battery light on, charging voltage low","Complaint: battery light on, charging voltage low on <MODEL_YEAR> <VEHICLE_MODEL> with <ENGINE_TYPE>. Condition: observed within <MILEAGE_RANGE>. Diagnosis: checked alternator output under load; findings indicate battery light on; low charging voltage. Repair: installed new alternator. Outcome: charging voltage within spec.",checked alternator output under load,installed new alternator,3.3,275.00,907.50,244.00,1151.50,false,false,electrical,Customer requested confirmation of repair outcome; no additional concerns.,Verified repair on road test; no further action.
RO-0040,2024-02-10,2024-02-14,<MODEL_YEAR>,<VEHICLE_MODEL>,<VEHICLE_MODEL>,<ENGINE_TYPE>,<MILEAGE_RANGE>,"charge light on, low output","Complaint: charge light on, low output on <MODEL_YEAR> <VEHICLE_MODEL> with <ENGINE_TYPE>. Condition: observed within <MILEAGE_RANGE>. Diagnosis: checked alternator output under load; findings indicate battery light on; low charging voltage. Repair: installed new alternator. Outcome: warning light off.",checked alternator output under load,installed new alternator,3.8,275.00,1045.00,548.00,1593.00,true,true,electrical,Customer requested confirmation of repair outcome; no additional concerns.,Verified repair on road test; no further action.
RO-0041,2024-02-11,2024-02-16,<MODEL_YEAR>,<VEHICLE_MODEL>,<VEHICLE_MODEL>,<ENGINE_TYPE>,<MILEAGE_RANGE>,"battery light on, charging voltage low","Complaint: battery light on, charging voltage low on <MODEL_YEAR> <VEHICLE_MODEL> with <ENGINE_TYPE>. Condition: observed within <MILEAGE_RANGE>. Diagnosis: loaded alternator output test; findings indicate battery light on; low charging voltage. Repair: replaced alternator assembly. Outcome: charging voltage within spec.",loaded alternator output test,replaced alternator assembly,3.4,275.00,935.00,549.00,1484.00,true,false,electrical,Customer requested confirmation of repair outcome; no additional concerns.,Verified repair on road test; no further action.
RO-0042,2024-02-12,2024-02-15,<MODEL_YEAR>,<VEHICLE_MODEL>,<VEHICLE_MODEL>,<ENGINE_TYPE>,<MILEAGE_RANGE>,"charge light on, low output","Complaint: charge light on, low output on <MODEL_YEAR> <VEHICLE_MODEL> with <ENGINE_TYPE>. Condition: observed within <MILEAGE_RANGE>. Diagnosis: checked alternator output under load; findings indicate battery light on; low charging voltage. Repair: replaced alternator. Outcome: charging voltage within spec.",checked alternator output under load,replaced alternator,2.0,275.00,550.00,564.00,1114.00,false,false,electrical,Customer requested confirmation of repair outcome; no additional concerns.,Verified repair on road test; no further action.
RO-0043,2024-02-13,2024-02-17,<MODEL_YEAR>,<VEHICLE_MODEL>,<VEHICLE_MODEL>,<ENGINE_TYPE>,<MILEAGE_RANGE>,front end rattle on rough road,Complaint: front end rattle on rough road on <MODEL_YEAR> <VEHICLE_MODEL> with <ENGINE_TYPE>. Condition: observed within <MILEAGE_RANGE>. Diagnosis: checked strut mounts and links; findings indicate front rattle on small bumps. Repair: tightened and replaced worn links. Outcome: rattle no longer present.,checked strut mounts and links,tightened and replaced worn links,4.0,275.00,1100.00,574.00,1674.00,false,false,suspension,Customer requested confirmation of repair outcome; no additional concerns.,Verified repair on road test; no further action.
RO-0044,2024-02-14,2024-02-18,<MODEL_YEAR>,<VEHICLE_MODEL>,<VEHICLE_MODEL>,<ENGINE_TYPE>,<MILEAGE_RANGE>,rattle from front end over small bumps,Complaint: rattle from front end over small bumps on <MODEL_YEAR> <VEHICLE_MODEL> with <ENGINE_TYPE>. Condition: observed within <MILEAGE_RANGE>. Diagnosis: verified loose front link; findings indicate front rattle on small bumps. Repair: tightened and replaced worn links. Outcome: noise resolved.,verified loose front link,tightened and replaced worn links,2.6,275.00,715.00,496.00,1211.00,false,false,suspension,Customer requested confirmation of repair outcome; no additional concerns.,Verified repair on road test; no further action.
RO-0045,2024-02-15,2024-02-20,<MODEL_YEAR>,<VEHICLE_MODEL>,<VEHICLE_MODEL>,<ENGINE_TYPE>,<MILEAGE_RANGE>,front end rattle on rough road,Complaint: front end rattle on rough road on <MODEL_YEAR> <VEHICLE_MODEL> with <ENGINE_TYPE>. Condition: observed within <MILEAGE_RANGE>. Diagnosis: inspected sway bar links and mounts; findings indicate front rattle on small bumps. Repair: replaced front sway links. Outcome: noise resolved.,inspected sway bar links and mounts,replaced front sway links,3.8,275.00,1045.00,492.00,1537.00,false,false,suspension,Customer requested confirmation of repair outcome; no additional concerns.,Verified repair on road test; no further action.
RO-0046,2024-02-16,2024-02-22,<MODEL_YEAR>,<VEHICLE_MODEL>,<VEHICLE_MODEL>,<ENGINE_TYPE>,<MILEAGE_RANGE>,clunk on small bumps,Complaint: clunk on small bumps on <MODEL_YEAR> <VEHICLE_MODEL> with <ENGINE_TYPE>. Condition: observed within <MILEAGE_RANGE>. Diagnosis: checked strut mounts and links; findings indicate front rattle on small bumps. Repair: replaced front sway links. Outcome: noise resolved.,checked strut mounts and links,replaced front sway links,3.0,275.00,825.00,458.00,1283.00,false,false,suspension,Customer requested confirmation of repair outcome; no additional concerns.,Verified repair on road test; no further action.
RO-0047,2024-02-17,2024-02-23,<MODEL_YEAR>,<VEHICLE_MODEL>,<VEHICLE_MODEL>,<ENGINE_TYPE>,<MILEAGE_RANGE>,clunk on small bumps,Complaint: clunk on small bumps on <MODEL_YEAR> <VEHICLE_MODEL> with <ENGINE_TYPE>. Condition: observed within <MILEAGE_RANGE>. Diagnosis: inspected sway bar links and mounts; findings indicate front rattle on small bumps. Repair: tightened and replaced worn links. Outcome: front end quiet.,inspected sway bar links and mounts,tightened and replaced worn links,4.0,275.00,1100.00,313.00,1413.00,false,false,suspension,Customer requested confirmation of repair outcome; no additional concerns.,Verified repair on road test; no further action.
RO-0048,2024-02-18,2024-02-24,<MODEL_YEAR>,<VEHICLE_MODEL>,<VEHICLE_MODEL>,<ENGINE_TYPE>,<MILEAGE_RANGE>,front end rattle on rough road,Complaint: front end rattle on rough road on <MODEL_YEAR> <VEHICLE_MODEL> with <ENGINE_TYPE>. Condition: observed within <MILEAGE_RANGE>. Diagnosis: inspected sway bar links and mounts; findings indicate front rattle on small bumps. Repair: tightened and replaced worn links. Outcome: noise resolved.,inspected sway bar links and mounts,tightened and replaced worn links,2.1,275.00,577.50,441.00,1018.50,true,false,suspension,Customer requested confirmation of repair outcome; no additional concerns.,Verified repair on road test; no further action.
RO-0049,2024-02-19,2024-02-20,<MODEL_YEAR>,<VEHICLE_MODEL>,<VEHICLE_MODEL>,<ENGINE_TYPE>,<MILEAGE_RANGE>,"idle rough, trims high","Complaint: idle rough, trims high on <MODEL_YEAR> <VEHICLE_MODEL> with <ENGINE_TYPE>. Condition: observed within <MILEAGE_RANGE>. Diagnosis: verified intake leak; findings indicate rough idle with high trims. Repair: sealed intake leak. Outcome: fuel trims normal.",verified intake leak,sealed intake leak,3.6,275.00,990.00,896.00,1886.00,false,true,engine,Customer requested confirmation of repair outcome; no additional concerns.,Verified repair on road test; no further action.
RO-0050,2024-02-20,2024-02-23,<MODEL_YEAR>,<VEHICLE_MODEL>,<VEHICLE_MODEL>,<ENGINE_TYPE>,<MILEAGE_RANGE>,rough idle with high fuel trims,Complaint: rough idle with high fuel trims on <MODEL_YEAR> <VEHICLE_MODEL> with <ENGINE_TYPE>. Condition: observed within <MILEAGE_RANGE>. Diagnosis: smoke test intake system; findings indicate rough idle with high trims. Repair: sealed intake leak. Outcome: fuel trims normal.,smoke test intake system,sealed intake leak,3.9,275.00,1072.50,452.00,1524.50,false,false,engine,Customer requested confirmation of repair outcome; no additional concerns.,Verified repair on road test; no further action.
RO-0051,2024-02-21,2024-02-25,<MODEL_YEAR>,<VEHICLE_MODEL>,<VEHICLE_MODEL>,<ENGINE_TYPE>,<MILEAGE_RANGE>,rough idle with high fuel trims,Complaint: rough idle with high fuel trims on <MODEL_YEAR> <VEHICLE_MODEL> with <ENGINE_TYPE>. Condition: observed within <MILEAGE_RANGE>. Diagnosis: checked for unmetered air; findings indicate rough idle with high trims. Repair: sealed intake leak. Outcome: idle smooth and trims normal.,checked for unmetered air,sealed intake leak,3.4,275.00,935.00,405.00,1340.00,false,false,engine,Customer requested confirmation of repair outcome; no additional concerns.,Verified repair on road test; no further action.
RO-0052,2024-02-22,2024-02-25,<MODEL_YEAR>,<VEHICLE_MODEL>,<VEHICLE_MODEL>,<ENGINE_TYPE>,<MILEAGE_RANGE>,rough idle with high fuel trims,Complaint: rough idle with high fuel trims on <MODEL_YEAR> <VEHICLE_MODEL> with <ENGINE_TYPE>. Condition: observed within <MILEAGE_RANGE>. Diagnosis: smoke test intake system; findings indicate rough idle with high trims. Repair: replaced intake gasket. Outcome: idle smooth and trims normal.,smoke test intake system,replaced intake gasket,2.3,275.00,632.50,277.00,909.50,false,false,engine,Customer requested confirmation of repair outcome; no additional concerns.,Verified repair on road test; no further action.
RO-0053,2024-02-23,2024-02-27,<MODEL_YEAR>,<VEHICLE_MODEL>,<VEHICLE_MODEL>,<ENGINE_TYPE>,<MILEAGE_RANGE>,"rough idle, improves off idle","Complaint: rough idle, improves off idle on <MODEL_YEAR> <VEHICLE_MODEL> with <ENGINE_TYPE>. Condition: observed within <MILEAGE_RANGE>. Diagnosis: smoke test intake system; findings indicate rough idle with high trims. Repair: sealed intake leak. Outcome: fuel trims normal.",smoke test intake system,sealed intake leak,2.7,275.00,742.50,786.00,1528.50,true,false,engine,Customer requested confirmation of repair outcome; no additional concerns.,Verified repair on road test; no further action.
RO-0054,2024-02-24,2024-03-01,<MODEL_YEAR>,<VEHICLE_MODEL>,<VEHICLE_MODEL>,<ENGINE_TYPE>,<MILEAGE_RANGE>,rough idle with high fuel trims,Complaint: rough idle with high fuel trims on <MODEL_YEAR> <VEHICLE_MODEL> with <ENGINE_TYPE>. Condition: observed within <MILEAGE_RANGE>. Diagnosis: checked for unmetered air; findings indicate rough idle with high trims. Repair: replaced intake seals. Outcome: fuel trims normal.,checked for unmetered air,replaced intake seals,3.0,275.00,825.00,650.00,1475.00,false,false,engine,Customer requested confirmation of repair outcome; no additional concerns.,Verified repair on road test; no further action.
RO-0055,2024-02-25,2024-02-27,<MODEL_YEAR>,<VEHICLE_MODEL>,<VEHICLE_MODEL>,<ENGINE_TYPE>,<MILEAGE_RANGE>,grind noise on light brake apply,Complaint: grind noise on light brake apply on <MODEL_YEAR> <VEHICLE_MODEL> with <ENGINE_TYPE>. Condition: observed within <MILEAGE_RANGE>. Diagnosis: inspected pad hardware and caliper bracket; findings indicate grinding noise at low-speed braking. Repair: lubricated pad contact points. Outcome: brake noise gone.,inspected pad hardware and caliper bracket,lubricated pad contact points,1.1,275.00,302.50,141.00,443.50,false,false,brakes,Customer requested confirmation of repair outcome; no additional concerns.,Verified repair on road test; no further action.
RO-0056,2024-02-26,2024-02-29,<MODEL_YEAR>,<VEHICLE_MODEL>,<VEHICLE_MODEL>,<ENGINE_TYPE>,<MILEAGE_RANGE>,grind noise on light brake apply,Complaint: grind noise on light brake apply on <MODEL_YEAR> <VEHICLE_MODEL> with <ENGINE_TYPE>. Condition: observed within <MILEAGE_RANGE>. Diagnosis: inspected pad hardware and caliper bracket; findings indicate grinding noise at low-speed braking. Repair: re-seated pad hardware. Outcome: no grind on test.,inspected pad hardware and caliper bracket,re-seated pad hardware,0.9,275.00,247.50,87.00,334.50,true,false,brakes,Customer requested confirmation of repair outcome; no additional concerns.,Verified repair on road test; no further action.
RO-0057,2024-02-27,2024-02-28,<MODEL_YEAR>,<VEHICLE_MODEL>,<VEHICLE_MODEL>,<ENGINE_TYPE>,<MILEAGE_RANGE>,grinding noise when braking at low speed,Complaint: grinding noise when braking at low speed on <MODEL_YEAR> <VEHICLE_MODEL> with <ENGINE_TYPE>. Condition: observed within <MILEAGE_RANGE>. Diagnosis: inspected pad clips and shims; findings indicate grinding noise at low-speed braking. Repair: re-seated pad hardware. Outcome: grinding noise resolved.,inspected pad clips and shims,re-seated pad hardware,1.4,275.00,385.00,30.00,415.00,false,false,brakes,Customer requested confirmation of repair outcome; no additional concerns.,Verified repair on road test; no further action.
RO-0058,2024-02-28,2024-03-02,<MODEL_YEAR>,<VEHICLE_MODEL>,<VEHICLE_MODEL>,<ENGINE_TYPE>,<MILEAGE_RANGE>,low speed brake grind,Complaint: low speed brake grind on <MODEL_YEAR> <VEHICLE_MODEL> with <ENGINE_TYPE>. Condition: observed within <MILEAGE_RANGE>. Diagnosis: inspected pad hardware and caliper bracket; findings indicate grinding noise at low-speed braking. Repair: re-seated pad hardware. Outcome: no grind on test.,inspected pad hardware and caliper bracket,re-seated pad hardware,1.1,275.00,302.50,138.00,440.50,false,false,brakes,Customer requested confirmation of repair outcome; no additional concerns.,Verified repair on road test; no further action.
RO-0059,2024-02-29,2024-03-05,<MODEL_YEAR>,<VEHICLE_MODEL>,<VEHICLE_MODEL>,<ENGINE_TYPE>,<MILEAGE_RANGE>,low speed brake grind,Complaint: low speed brake grind on <MODEL_YEAR> <VEHICLE_MODEL> with <ENGINE_TYPE>. Condition: observed within <MILEAGE_RANGE>. Diagnosis: inspected pad hardware and caliper bracket; findings indicate grinding noise at low-speed braking. Repair: reinstalled pad hardware and lubricated contact points. Outcome: brake noise gone.,inspected pad hardware and caliper bracket,reinstalled pad hardware and lubricated contact points,0.5,275.00,137.50,68.00,205.50,false,false,brakes,Customer requested confirmation of repair outcome; no additional concerns.,Verified repair on road test; no further action.
RO-0060,2024-03-01,2024-03-04,<MODEL_YEAR>,<VEHICLE_MODEL>,<VEHICLE_MODEL>,<ENGINE_TYPE>,<MILEAGE_RANGE>,grinding noise when braking at low speed,Complaint: grinding noise when braking at low speed on <MODEL_YEAR> <VEHICLE_MODEL> with <ENGINE_TYPE>. Condition: observed within <MILEAGE_RANGE>. Diagnosis: checked pad hardware fit; findings indicate grinding noise at low-speed braking. Repair: lubricated pad contact points. Outcome: grinding noise resolved.,checked pad hardware fit,lubricated pad contact points,0.9,275.00,247.50,82.00,329.50,false,false,brakes,Customer requested confirmation of repair outcome; no additional concerns.,Verified repair on road test; no further action.
RO-0061,2024-03-02,2024-03-06,<MODEL_YEAR>,<VEHICLE_MODEL>,<VEHICLE_MODEL>,<ENGINE_TYPE>,<MILEAGE_RANGE>,wind whistle at speed,Complaint: wind whistle at speed on <MODEL_YEAR> <VEHICLE_MODEL> with <ENGINE_TYPE>. Condition: observed within <MILEAGE_RANGE>. Diagnosis: inspected door seal seating; findings indicate wind noise at highway speed. Repair: aligned door and replaced seal. Outcome: wind noise resolved.,inspected door seal seating,aligned door and replaced seal,0.5,275.00,137.50,50.00,187.50,false,false,body,Customer requested confirmation of repair outcome; no additional concerns.,Verified repair on road test; no further action.
RO-0062,2024-03-03,2024-03-09,<MODEL_YEAR>,<VEHICLE_MODEL>,<VEHICLE_MODEL>,<ENGINE_TYPE>,<MILEAGE_RANGE>,wind noise from door area,Complaint: wind noise from door area on <MODEL_YEAR> <VEHICLE_MODEL> with <ENGINE_TYPE>. Condition: observed within <MILEAGE_RANGE>. Diagnosis: verified trim fitment; findings indicate wind noise at highway speed. Repair: aligned door and replaced seal. Outcome: noise not present on road test.,verified trim fitment,aligned door and replaced seal,1.2,275.00,330.00,137.00,467.00,false,false,body,Customer requested confirmation of repair outcome; no additional concerns.,Verified repair on road test; no further action.
RO-0063,2024-03-04,2024-03-10,<MODEL_YEAR>,<VEHICLE_MODEL>,<VEHICLE_MODEL>,<ENGINE_TYPE>,<MILEAGE_RANGE>,wind noise from door area,Complaint: wind noise from door area on <MODEL_YEAR> <VEHICLE_MODEL> with <ENGINE_TYPE>. Condition: observed within <MILEAGE_RANGE>. Diagnosis: verified trim fitment; findings indicate wind noise at highway speed. Repair: adjusted door alignment and reseated trim. Outcome: wind noise reduced.,verified trim fitment,adjusted door alignment and reseated trim,0.9,275.00,247.50,119.00,366.50,false,false,body,Customer requested confirmation of repair outcome; no additional concerns.,Verified repair on road test; no further action.
RO-0064,2024-03-05,2024-03-08,<MODEL_YEAR>,<VEHICLE_MODEL>,<VEHICLE_MODEL>,<ENGINE_TYPE>,<MILEAGE_RANGE>,wind whistle at speed,Complaint: wind whistle at speed on <MODEL_YEAR> <VEHICLE_MODEL> with <ENGINE_TYPE>. Condition: observed within <MILEAGE_RANGE>. Diagnosis: verified trim fitment; findings indicate wind noise at highway speed. Repair: adjusted door alignment and reseated trim. Outcome: noise not present on road test.,verified trim fitment,adjusted door alignment and reseated trim,1.0,275.00,275.00,34.00,309.00,false,false,body,Customer requested confirmation of repair outcome; no additional concerns.,Verified repair on road test; no further action.
RO-0065,2024-03-06,2024-03-08,<MODEL_YEAR>,<VEHICLE_MODEL>,<VEHICLE_MODEL>,<ENGINE_TYPE>,<MILEAGE_RANGE>,wind noise at highway speed,Complaint: wind noise at highway speed on <MODEL_YEAR> <VEHICLE_MODEL> with <ENGINE_TYPE>. Condition: observed within <MILEAGE_RANGE>. Diagnosis: checked door alignment and mirror trim; findings indicate wind noise at highway speed. Repair: repositioned mirror trim. Outcome: wind noise resolved.,checked door alignment and mirror trim,repositioned mirror trim,0.9,275.00,247.50,147.00,394.50,false,false,body,Customer requested confirmation of repair outcome; no additional concerns.,Verified repair on road test; no further action.
RO-0066,2024-03-07,2024-03-09,<MODEL_YEAR>,<VEHICLE_MODEL>,<VEHICLE_MODEL>,<ENGINE_TYPE>,<MILEAGE_RANGE>,"misfire on acceleration, idle ok","Complaint: misfire on acceleration, idle ok on <MODEL_YEAR> <VEHICLE_MODEL> with <ENGINE_TYPE>. Condition: observed within <MILEAGE_RANGE>. Diagnosis: checked fuel delivery under load; findings indicate misfire under load only. Repair: replaced weak coil. Outcome: misfire not present under load.",checked fuel delivery under load,replaced weak coil,4.0,275.00,1100.00,608.00,1708.00,false,false,engine,Customer requested confirmation of repair outcome; no additional concerns.,Verified repair on road test; no further action.
RO-0067,2024-03-08,2024-03-09,<MODEL_YEAR>,<VEHICLE_MODEL>,<VEHICLE_MODEL>,<ENGINE_TYPE>,<MILEAGE_RANGE>,intermittent misfire under load only,Complaint: intermittent misfire under load only on <MODEL_YEAR> <VEHICLE_MODEL> with <ENGINE_TYPE>. Condition: observed within <MILEAGE_RANGE>. Diagnosis: checked fuel delivery under load; findings indicate misfire under load only. Repair: replaced ignition coil and verified. Outcome: no misfire on test.,checked fuel delivery under load,replaced ignition coil and verified,2.8,275.00,770.00,409.00,1179.00,false,false,engine,Customer requested confirmation of repair outcome; no additional concerns.,Verified repair on road test; no further action.
RO-0068,2024-03-09,2024-03-12,<MODEL_YEAR>,<VEHICLE_MODEL>,<VEHICLE_MODEL>,<ENGINE_TYPE>,<MILEAGE_RANGE>,"misfire on acceleration, idle ok","Complaint: misfire on acceleration, idle ok on <MODEL_YEAR> <VEHICLE_MODEL> with <ENGINE_TYPE>. Condition: observed within <MILEAGE_RANGE>. Diagnosis: load test ignition and fuel delivery; findings indicate misfire under load only. Repair: replaced ignition coil and verified. Outcome: acceleration smooth.",load test ignition and fuel delivery,replaced ignition coil and verified,2.0,275.00,550.00,583.00,1133.00,false,false,engine,Customer requested confirmation of repair outcome; no additional concerns.,Verified repair on road test; no further action.
RO-0069,2024-03-10,2024-03-13,<MODEL_YEAR>,<VEHICLE_MODEL>,<VEHICLE_MODEL>,<ENGINE_TYPE>,<MILEAGE_RANGE>,"misfire on acceleration, idle ok","Complaint: misfire on acceleration, idle ok on <MODEL_YEAR> <VEHICLE_MODEL> with <ENGINE_TYPE>. Condition: observed within <MILEAGE_RANGE>. Diagnosis: checked fuel delivery under load; findings indicate misfire under load only. Repair: replaced weak coil. Outcome: acceleration smooth.",checked fuel delivery under load,replaced weak coil,2.8,275.00,770.00,202.00,972.00,false,false,engine,Customer requested confirmation of repair outcome; no additional concerns.,Verified repair on road test; no further action.
RO-0070,2024-03-11,2024-03-15,<MODEL_YEAR>,<VEHICLE_MODEL>,<VEHICLE_MODEL>,<ENGINE_TYPE>,<MILEAGE_RANGE>,"misfire on acceleration, idle ok","Complaint: misfire on acceleration, idle ok on <MODEL_YEAR> <VEHICLE_MODEL> with <ENGINE_TYPE>. Condition: observed within <MILEAGE_RANGE>. Diagnosis: verified coil output under load; findings indicate misfire under load only. Repair: replaced coil and cleared codes. Outcome: misfire not present under load.",verified coil output under load,replaced coil and cleared codes,3.1,275.00,852.50,419.00,1271.50,true,false,engine,Customer requested confirmation of repair outcome; no additional concerns.,Verified repair on road test; no further action.
RO-0071,2024-03-12,2024-03-14,<MODEL_YEAR>,<VEHICLE_MODEL>,<VEHICLE_MODEL>,<ENGINE_TYPE>,<MILEAGE_RANGE>,brake vibration from highway speeds,Complaint: brake vibration from highway speeds on <MODEL_YEAR> <VEHICLE_MODEL> with <ENGINE_TYPE>. Condition: observed within <MILEAGE_RANGE>. Diagnosis: verified front rotor runout; findings indicate steering shake when braking. Repair: installed new rotors and pads. Outcome: vibration gone.,verified front rotor runout,installed new rotors and pads,2.1,275.00,577.50,792.00,1369.50,false,false,brakes,Customer requested confirmation of repair outcome; no additional concerns.,Verified repair on road test; no further action.
RO-0072,2024-03-13,2024-03-20,<MODEL_YEAR>,<VEHICLE_MODEL>,<VEHICLE_MODEL>,<ENGINE_TYPE>,<MILEAGE_RANGE>,steering wheel shakes during braking from speed,Complaint: steering wheel shakes during braking from speed on <MODEL_YEAR> <VEHICLE_MODEL> with <ENGINE_TYPE>. Condition: observed within <MILEAGE_RANGE>. Diagnosis: checked rotor thickness variation; findings indicate steering shake when braking. Repair: replaced front brake rotors and pads. Outcome: smooth braking restored.,checked rotor thickness variation,replaced front brake rotors and pads,2.1,275.00,577.50,861.00,1438.50,false,false,brakes,Customer requested confirmation of repair outcome; no additional concerns.,Verified repair on road test; no further action.
RO-0073,2024-03-14,2024-03-15,<MODEL_YEAR>,<VEHICLE_MODEL>,<VEHICLE_MODEL>,<ENGINE_TYPE>,<MILEAGE_RANGE>,steering wheel shakes during braking from speed,Complaint: steering wheel shakes during braking from speed on <MODEL_YEAR> <VEHICLE_MODEL> with <ENGINE_TYPE>. Condition: observed within <MILEAGE_RANGE>. Diagnosis: measured rotor runout; findings indicate steering shake when braking. Repair: installed new rotors and pads. Outcome: vibration gone.,measured rotor runout,installed new rotors and pads,3.7,275.00,1017.50,899.00,1916.50,false,false,brakes,Customer requested confirmation of repair outcome; no additional concerns.,Verified repair on road test; no further action.
RO-0074,2024-03-15,2024-03-16,<MODEL_YEAR>,<VEHICLE_MODEL>,<VEHICLE_MODEL>,<ENGINE_TYPE>,<MILEAGE_RANGE>,brake vibration from highway speeds,Complaint: brake vibration from highway speeds on <MODEL_YEAR> <VEHICLE_MODEL> with <ENGINE_TYPE>. Condition: observed within <MILEAGE_RANGE>. Diagnosis: verified front rotor runout; findings indicate steering shake when braking. Repair: installed new rotors and pads. Outcome: brake shake resolved.,verified front rotor runout,installed new rotors and pads,3.7,275.00,1017.50,249.00,1266.50,false,true,brakes,Customer requested confirmation of repair outcome; no additional concerns.,Verified repair on road test; no further action.
RO-0075,2024-03-16,2024-03-17,<MODEL_YEAR>,<VEHICLE_MODEL>,<VEHICLE_MODEL>,<ENGINE_TYPE>,<MILEAGE_RANGE>,steering shake on brake apply,Complaint: steering shake on brake apply on <MODEL_YEAR> <VEHICLE_MODEL> with <ENGINE_TYPE>. Condition: observed within <MILEAGE_RANGE>. Diagnosis: measured rotor runout; findings indicate steering shake when braking. Repair: replaced front brake rotors and pads. Outcome: smooth braking restored.,measured rotor runout,replaced front brake rotors and pads,2.2,275.00,605.00,510.00,1115.00,false,false,brakes,Customer requested confirmation of repair outcome; no additional concerns.,Verified repair on road test; no further action.
RO-0076,2024-03-17,2024-03-22,<MODEL_YEAR>,<VEHICLE_MODEL>,<VEHICLE_MODEL>,<ENGINE_TYPE>,<MILEAGE_RANGE>,"fan works, no air out vents","Complaint: fan works, no air out vents on <MODEL_YEAR> <VEHICLE_MODEL> with <ENGINE_TYPE>. Condition: observed within <MILEAGE_RANGE>. Diagnosis: verified door stuck; findings indicate blower runs but no airflow. Repair: freed blend door and recalibrated actuator. Outcome: airflow normal.",verified door stuck,freed blend door and recalibrated actuator,3.3,275.00,907.50,615.00,1522.50,false,false,hvac,Customer requested confirmation of repair outcome; no additional concerns.,Verified repair on road test; no further action.
RO-0077,2024-03-18,2024-03-24,<MODEL_YEAR>,<VEHICLE_MODEL>,<VEHICLE_MODEL>,<ENGINE_TYPE>,<MILEAGE_RANGE>,"fan works, no air out vents","Complaint: fan works, no air out vents on <MODEL_YEAR> <VEHICLE_MODEL> with <ENGINE_TYPE>. Condition: observed within <MILEAGE_RANGE>. Diagnosis: checked mode door movement; findings indicate blower runs but no airflow. Repair: recalibrated HVAC actuator. Outcome: airflow restored.",checked mode door movement,recalibrated HVAC actuator,2.6,275.00,715.00,384.00,1099.00,false,false,hvac,Customer requested confirmation of repair outcome; no additional concerns.,Verified repair on road test; no further action.
RO-0078,2024-03-19,2024-03-21,<MODEL_YEAR>,<VEHICLE_MODEL>,<VEHICLE_MODEL>,<ENGINE_TYPE>,<MILEAGE_RANGE>,blower runs but little to no airflow from vents,Complaint: blower runs but little to no airflow from vents on <MODEL_YEAR> <VEHICLE_MODEL> with <ENGINE_TYPE>. Condition: observed within <MILEAGE_RANGE>. Diagnosis: checked mode door movement; findings indicate blower runs but no airflow. Repair: freed blend door and recalibrated actuator. Outcome: airflow normal.,checked mode door movement,freed blend door and recalibrated actuator,3.9,275.00,1072.50,266.00,1338.50,false,false,hvac,Customer requested confirmation of repair outcome; no additional concerns.,Verified repair on road test; no further action.
RO-0079,2024-03-20,2024-03-21,<MODEL_YEAR>,<VEHICLE_MODEL>,<VEHICLE_MODEL>,<ENGINE_TYPE>,<MILEAGE_RANGE>,"blower on, airflow blocked","Complaint: blower on, airflow blocked on <MODEL_YEAR> <VEHICLE_MODEL> with <ENGINE_TYPE>. Condition: observed within <MILEAGE_RANGE>. Diagnosis: checked mode door movement; findings indicate blower runs but no airflow. Repair: freed blend door and recalibrated actuator. Outcome: airflow normal.",checked mode door movement,freed blend door and recalibrated actuator,4.0,275.00,1100.00,890.00,1990.00,false,false,hvac,Customer requested confirmation of repair outcome; no additional concerns.,Verified repair on road test; no further action.
RO-0080,2024-03-21,2024-03-28,<MODEL_YEAR>,<VEHICLE_MODEL>,<VEHICLE_MODEL>,<ENGINE_TYPE>,<MILEAGE_RANGE>,"blower on, airflow blocked","Complaint: blower on, airflow blocked on <MODEL_YEAR> <VEHICLE_MODEL> with <ENGINE_TYPE>. Condition: observed within <MILEAGE_RANGE>. Diagnosis: verified door stuck; findings indicate blower runs but no airflow. Repair: recalibrated HVAC actuator. Outcome: airflow restored.",verified door stuck,recalibrated HVAC actuator,2.3,275.00,632.50,313.00,945.50,false,false,hvac,Customer requested confirmation of repair outcome; no additional concerns.,Verified repair on road test; no further action.
RO-0081,2024-03-22,2024-03-29,<MODEL_YEAR>,<VEHICLE_MODEL>,<VEHICLE_MODEL>,<ENGINE_TYPE>,<MILEAGE_RANGE>,coolant smell in cabin with window fogging,Complaint: coolant smell in cabin with window fogging on <MODEL_YEAR> <VEHICLE_MODEL> with <ENGINE_TYPE>. Condition: observed within <MILEAGE_RANGE>. Diagnosis: checked for heater core seepage; findings indicate coolant smell in cabin with fogging. Repair: replaced heater core and cleaned HVAC box. Outcome: no coolant odor or fogging.,checked for heater core seepage,replaced heater core and cleaned HVAC box,8.9,275.00,2447.50,1113.00,3560.50,false,false,hvac,Customer requested confirmation of repair outcome; no additional concerns.,Verified repair on road test; no further action.
RO-0082,2024-03-23,2024-03-27,<MODEL_YEAR>,<VEHICLE_MODEL>,<VEHICLE_MODEL>,<ENGINE_TYPE>,<MILEAGE_RANGE>,coolant smell in cabin with window fogging,Complaint: coolant smell in cabin with window fogging on <MODEL_YEAR> <VEHICLE_MODEL> with <ENGINE_TYPE>. Condition: observed within <MILEAGE_RANGE>. Diagnosis: checked for heater core seepage; findings indicate coolant smell in cabin with fogging. Repair: replaced heater core. Outcome: odor resolved.,checked for heater core seepage,replaced heater core,6.0,275.00,1650.00,2272.00,3922.00,false,false,hvac,Customer requested confirmation of repair outcome; no additional concerns.,Verified repair on road test; no further action.
RO-0083,2024-03-24,2024-03-27,<MODEL_YEAR>,<VEHICLE_MODEL>,<VEHICLE_MODEL>,<ENGINE_TYPE>,<MILEAGE_RANGE>,coolant smell in cabin with window fogging,Complaint: coolant smell in cabin with window fogging on <MODEL_YEAR> <VEHICLE_MODEL> with <ENGINE_TYPE>. Condition: observed within <MILEAGE_RANGE>. Diagnosis: verified coolant leak inside HVAC; findings indicate coolant smell in cabin with fogging. Repair: replaced heater core. Outcome: no coolant odor or fogging.,verified coolant leak inside HVAC,replaced heater core,9.1,275.00,2502.50,1251.00,3753.50,true,false,hvac,Customer requested confirmation of repair outcome; no additional concerns.,Verified repair on road test; no further action.
RO-0084,2024-03-25,2024-04-01,<MODEL_YEAR>,<VEHICLE_MODEL>,<VEHICLE_MODEL>,<ENGINE_TYPE>,<MILEAGE_RANGE>,"sweet odor in cabin, fogging windows","Complaint: sweet odor in cabin, fogging windows on <MODEL_YEAR> <VEHICLE_MODEL> with <ENGINE_TYPE>. Condition: observed within <MILEAGE_RANGE>. Diagnosis: verified coolant leak inside HVAC; findings indicate coolant smell in cabin with fogging. Repair: replaced heater core and flushed system. Outcome: no coolant odor or fogging.",verified coolant leak inside HVAC,replaced heater core and flushed system,7.0,275.00,1925.00,3159.00,5084.00,false,false,hvac,Customer requested confirmation of repair outcome; no additional concerns.,Verified repair on road test; no further action.
RO-0085,2024-03-26,2024-03-27,<MODEL_YEAR>,<VEHICLE_MODEL>,<VEHICLE_MODEL>,<ENGINE_TYPE>,<MILEAGE_RANGE>,"sweet odor in cabin, fogging windows","Complaint: sweet odor in cabin, fogging windows on <MODEL_YEAR> <VEHICLE_MODEL> with <ENGINE_TYPE>. Condition: observed within <MILEAGE_RANGE>. Diagnosis: pressure tested cooling system and HVAC box; findings indicate coolant smell in cabin with fogging. Repair: replaced heater core and flushed system. Outcome: no coolant odor or fogging.",pressure tested cooling system and HVAC box,replaced heater core and flushed system,5.4,275.00,1485.00,2683.00,4168.00,true,false,hvac,Customer requested confirmation of repair outcome; no additional concerns.,Verified repair on road test; no further action.
RO-0086,2024-03-27,2024-03-30,<MODEL_YEAR>,<VEHICLE_MODEL>,<VEHICLE_MODEL>,<ENGINE_TYPE>,<MILEAGE_RANGE>,shudder on light throttle cruise,Complaint: shudder on light throttle cruise on <MODEL_YEAR> <VEHICLE_MODEL> with <ENGINE_TYPE>. Condition: observed within <MILEAGE_RANGE>. Diagnosis: checked transmission fluid condition; findings indicate light throttle shudder. Repair: performed transmission service. Outcome: cruise smooth.,checked transmission fluid condition,performed transmission service,6.4,275.00,1760.00,2794.00,4554.00,false,false,transmission,Customer requested confirmation of repair outcome; no additional concerns.,Verified repair on road test; no further action.
RO-0087,2024-03-28,2024-04-02,<MODEL_YEAR>,<VEHICLE_MODEL>,<VEHICLE_MODEL>,<ENGINE_TYPE>,<MILEAGE_RANGE>,vibration at steady cruise,Complaint: vibration at steady cruise on <MODEL_YEAR> <VEHICLE_MODEL> with <ENGINE_TYPE>. Condition: observed within <MILEAGE_RANGE>. Diagnosis: checked transmission fluid condition; findings indicate light throttle shudder. Repair: replaced fluid and adapted. Outcome: cruise smooth.,checked transmission fluid condition,replaced fluid and adapted,5.9,275.00,1622.50,2812.00,4434.50,false,false,transmission,Customer requested confirmation of repair outcome; no additional concerns.,Verified repair on road test; no further action.
RO-0088,2024-03-29,2024-04-02,<MODEL_YEAR>,<VEHICLE_MODEL>,<VEHICLE_MODEL>,<ENGINE_TYPE>,<MILEAGE_RANGE>,shudder on light throttle cruise,Complaint: shudder on light throttle cruise on <MODEL_YEAR> <VEHICLE_MODEL> with <ENGINE_TYPE>. Condition: observed within <MILEAGE_RANGE>. Diagnosis: road tested and checked TCC engagement; findings indicate light throttle shudder. Repair: performed fluid service and re-learn. Outcome: no shudder after service.,road tested and checked TCC engagement,performed fluid service and re-learn,6.6,275.00,1815.00,2993.00,4808.00,false,false,transmission,Customer requested confirmation of repair outcome; no additional concerns.,Verified repair on road test; no further action.
RO-0089,2024-03-30,2024-04-03,<MODEL_YEAR>,<VEHICLE_MODEL>,<VEHICLE_MODEL>,<ENGINE_TYPE>,<MILEAGE_RANGE>,shudder on light throttle cruise,Complaint: shudder on light throttle cruise on <MODEL_YEAR> <VEHICLE_MODEL> with <ENGINE_TYPE>. Condition: observed within <MILEAGE_RANGE>. Diagnosis: verified TCC shudder; findings indicate light throttle shudder. Repair: replaced fluid and adapted. Outcome: shudder reduced to not present.,verified TCC shudder,replaced fluid and adapted,7.5,275.00,2062.50,2816.00,4878.50,true,false,transmission,Customer requested confirmation of repair outcome; no additional concerns.,Verified repair on road test; no further action.
RO-0090,2024-03-31,2024-04-06,<MODEL_YEAR>,<VEHICLE_MODEL>,<VEHICLE_MODEL>,<ENGINE_TYPE>,<MILEAGE_RANGE>,shudder on light throttle cruise,Complaint: shudder on light throttle cruise on <MODEL_YEAR> <VEHICLE_MODEL> with <ENGINE_TYPE>. Condition: observed within <MILEAGE_RANGE>. Diagnosis: verified TCC shudder; findings indicate light throttle shudder. Repair: performed transmission service. Outcome: shudder reduced to not present.,verified TCC shudder,performed transmission service,7.9,275.00,2172.50,1202.00,3374.50,false,false,transmission,Customer requested confirmation of repair outcome; no additional concerns.,Verified repair on road test; no further action.
RO-0091,2024-04-01,2024-04-04,<MODEL_YEAR>,<VEHICLE_MODEL>,<VEHICLE_MODEL>,<ENGINE_TYPE>,<MILEAGE_RANGE>,"A/C warm at idle, cold at speed","Complaint: A/C warm at idle, cold at speed on <MODEL_YEAR> <VEHICLE_MODEL> with <ENGINE_TYPE>. Condition: observed within <MILEAGE_RANGE>. Diagnosis: verified fan command at idle; findings indicate a/c warm at idle, cools driving. Repair: repaired fan control circuit. Outcome: idle cooling restored.",verified fan command at idle,repaired fan control circuit,2.2,275.00,605.00,517.00,1122.00,false,false,hvac,Customer requested confirmation of repair outcome; no additional concerns.,Verified repair on road test; no further action.
RO-0092,2024-04-02,2024-04-04,<MODEL_YEAR>,<VEHICLE_MODEL>,<VEHICLE_MODEL>,<ENGINE_TYPE>,<MILEAGE_RANGE>,"A/C warm at idle, cold at speed","Complaint: A/C warm at idle, cold at speed on <MODEL_YEAR> <VEHICLE_MODEL> with <ENGINE_TYPE>. Condition: observed within <MILEAGE_RANGE>. Diagnosis: verified fan command at idle; findings indicate a/c warm at idle, cools driving. Repair: replaced cooling fan relay. Outcome: idle cooling restored.",verified fan command at idle,replaced cooling fan relay,2.5,275.00,687.50,874.00,1561.50,false,true,hvac,Customer requested confirmation of repair outcome; no additional concerns.,Verified repair on road test; no further action.
RO-0093,2024-04-03,2024-04-09,<MODEL_YEAR>,<VEHICLE_MODEL>,<VEHICLE_MODEL>,<ENGINE_TYPE>,<MILEAGE_RANGE>,"A/C warm at idle, cold at speed","Complaint: A/C warm at idle, cold at speed on <MODEL_YEAR> <VEHICLE_MODEL> with <ENGINE_TYPE>. Condition: observed within <MILEAGE_RANGE>. Diagnosis: checked fan control circuit; findings indicate a/c warm at idle, cools driving. Repair: repaired fan wiring. Outcome: A/C temp normal.",checked fan control circuit,repaired fan wiring,3.2,275.00,880.00,754.00,1634.00,false,false,hvac,Customer requested confirmation of repair outcome; no additional concerns.,Verified repair on road test; no further action.
RO-0094,2024-04-04,2024-04-07,<MODEL_YEAR>,<VEHICLE_MODEL>,<VEHICLE_MODEL>,<ENGINE_TYPE>,<MILEAGE_RANGE>,"A/C warm at idle, cold at speed","Complaint: A/C warm at idle, cold at speed on <MODEL_YEAR> <VEHICLE_MODEL> with <ENGINE_TYPE>. Condition: observed within <MILEAGE_RANGE>. Diagnosis: checked condenser airflow and fan operation; findings indicate a/c warm at idle, cools driving. Repair: repaired fan control circuit. Outcome: idle cooling restored.",checked condenser airflow and fan operation,repaired fan control circuit,3.0,275.00,825.00,611.00,1436.00,false,false,hvac,Customer requested confirmation of repair outcome; no additional concerns.,Verified repair on road test; no further action.
RO-0095,2024-04-05,2024-04-12,<MODEL_YEAR>,<VEHICLE_MODEL>,<VEHICLE_MODEL>,<ENGINE_TYPE>,<MILEAGE_RANGE>,A/C warm at idle and cools when driving,"Complaint: A/C warm at idle and cools when driving on <MODEL_YEAR> <VEHICLE_MODEL> with <ENGINE_TYPE>. Condition: observed within <MILEAGE_RANGE>. Diagnosis: checked condenser airflow and fan operation; findings indicate a/c warm at idle, cools driving. Repair: repaired fan wiring. Outcome: A/C temp normal.",checked condenser airflow and fan operation,repaired fan wiring,2.7,275.00,742.50,266.00,1008.50,false,false,hvac,Customer requested confirmation of repair outcome; no additional concerns.,Verified repair on road test; no further action.
RO-0096,2024-04-06,2024-04-13,<MODEL_YEAR>,<VEHICLE_MODEL>,<VEHICLE_MODEL>,<ENGINE_TYPE>,<MILEAGE_RANGE>,clicking from front axle on tight turns,Complaint: clicking from front axle on tight turns on <MODEL_YEAR> <VEHICLE_MODEL> with <ENGINE_TYPE>. Condition: observed within <MILEAGE_RANGE>. Diagnosis: verified outer CV wear; findings indicate clicking on tight turns. Repair: installed new axle. Outcome: axle noise gone.,verified outer CV wear,installed new axle,5.6,275.00,1540.00,1195.00,2735.00,false,false,drivetrain,Customer requested confirmation of repair outcome; no additional concerns.,Verified repair on road test; no further action.
RO-0097,2024-04-07,2024-04-13,<MODEL_YEAR>,<VEHICLE_MODEL>,<VEHICLE_MODEL>,<ENGINE_TYPE>,<MILEAGE_RANGE>,front axle clicks on turns,Complaint: front axle clicks on turns on <MODEL_YEAR> <VEHICLE_MODEL> with <ENGINE_TYPE>. Condition: observed within <MILEAGE_RANGE>. Diagnosis: checked axle play; findings indicate clicking on tight turns. Repair: replaced CV axle. Outcome: axle noise gone.,checked axle play,replaced CV axle,7.7,275.00,2117.50,2322.00,4439.50,false,true,drivetrain,Customer requested confirmation of repair outcome; no additional concerns.,Verified repair on road test; no further action.
RO-0098,2024-04-08,2024-04-09,<MODEL_YEAR>,<VEHICLE_MODEL>,<VEHICLE_MODEL>,<ENGINE_TYPE>,<MILEAGE_RANGE>,clicking on full lock turns,Complaint: clicking on full lock turns on <MODEL_YEAR> <VEHICLE_MODEL> with <ENGINE_TYPE>. Condition: observed within <MILEAGE_RANGE>. Diagnosis: checked axle play; findings indicate clicking on tight turns. Repair: installed new axle. Outcome: axle noise gone.,checked axle play,installed new axle,6.5,275.00,1787.50,1923.00,3710.50,false,false,drivetrain,Customer requested confirmation of repair outcome; no additional concerns.,Verified repair on road test; no further action.
RO-0099,2024-04-09,2024-04-15,<MODEL_YEAR>,<VEHICLE_MODEL>,<VEHICLE_MODEL>,<ENGINE_TYPE>,<MILEAGE_RANGE>,clicking from front axle on tight turns,Complaint: clicking from front axle on tight turns on <MODEL_YEAR> <VEHICLE_MODEL> with <ENGINE_TYPE>. Condition: observed within <MILEAGE_RANGE>. Diagnosis: checked axle play; findings indicate clicking on tight turns. Repair: replaced front axle assembly. Outcome: no click on turns.,checked axle play,replaced front axle assembly,7.1,275.00,1952.50,1480.00,3432.50,true,false,drivetrain,Customer requested confirmation of repair outcome; no additional concerns.,Verified repair on road test; no further action.
RO-0100,2024-04-10,2024-04-16,<MODEL_YEAR>,<VEHICLE_MODEL>,<VEHICLE_MODEL>,<ENGINE_TYPE>,<MILEAGE_RANGE>,clicking on full lock turns,Complaint: clicking on full lock turns on <MODEL_YEAR> <VEHICLE_MODEL> with <ENGINE_TYPE>. Condition: observed within <MILEAGE_RANGE>. Diagnosis: inspected CV joints and boots; findings indicate clicking on tight turns. Repair: replaced front axle assembly. Outcome: axle noise gone.,inspected CV joints and boots,replaced front axle assembly,9.9,275.00,2722.50,2235.00,4957.50,true,false,drivetrain,Customer requested confirmation of repair outcome; no additional concerns.,Verified repair on road test; no further action.
